101,ATW-N6S
101,ATW-N6S
103,ATW-B100S

130,N6S-Alt
131,N6S-Alt
132,N6S-Alt
133,N6S-Alt
134,N6S-Alt
135,N6S-Alt
136,N6S-Alt
137,N6S-Alt
138,N6S-Alt
139,N6S-Alt

140,N8S-Alt
141,N8S-Alt
142,N8S-Alt

143,N8S-Normal
144,N8S-Normal
145,N8S-Normal
146,N8S-Normal
147,N8S-Normal
148,N8S-Normal
149,N8S-Normal

150,N8C-Normal
151,N8C-Normal
152,N8C-Normal
153,N8C-Normal
154,N8C-Normal
155,N8C-Normal
156,N8C-Normal
157,N8C-Normal
158,N8C-Normal
159,N8C-Normal

160,N8C-Modern
161,N8C-Modern
162,N8C-Modern
163,N8C-Modern
164,N8C-Modern
165,N8C-Modern
166,N8C-Modern
167,N8C-Modern
168,N8C-Modern
169,N8C-Modern

170,N8D-Normal
171,N8D-Normal
172,N8D-Normal
173,N8D-Normal
174,N8D-Normal
175,N8D-Normal
176,N8D-Normal
177,N8D-Normal
178,N8D-Normal
179,N8D-Normal
180,N8D-Normal
181,N8D-Normal

182,N8D-Modern
183,N8D-Modern
184,N8D-Modern
185,N8D-Modern
186,N8D-Modern
187,N8D-Modern
188,N8D-Modern
189,N8D-Modern

190,N8D-NF-Modern
191,N8D-NF-Modern
192,N8D-NF-Modern
193,N8D-NF-Modern
194,N8D-NF-Modern

195,N8D-NF-Modern
196,N8D-NF-Modern
197,N8D-NF-Modern
198,N8D-NF-Modern
199,N8D-NF-Modern

200,GT6N-Normal
201,GT6N-Normal
202,GT6N-Normal

203,GT6N-Modern
204,GT6N-Modern
205,GT6N-Modern-205
206,GT6N-Modern
207,GT6N-Modern
208,GT6N-Modern
209,GT6N-Modern