100,B100S-ATW-101
101,B100S-ATW-102
105,B100S-ATW-105
106,B100S-ATW-106

201,GT6-70DN-Normal
202,GT6-70DN-Normal
203,GT6-70DN-Normal
204,GT6-70DN-Normal
205,GT6-70DN-Normal
206,GT6-70DN-Normal
207,GT6-70DN-Normal
208,GT6-70DN-Normal

210,GT6-70DN-Normal
211,GT6-70DN-Normal
212,GT6-70DN-Normal
213,GT6-70DN-Normal
214,GT6-70DN-Normal
215,GT6-70DN-Normal
216,GT6-70DN-Normal
217,GT6-70DN-Normal
218,GT6-70DN-Normal
219,GT6-70DN-Normal
220,GT6-70DN-Normal
221,GT6-70DN-Normal
222,GT6-70DN-Normal
223,GT6-70DN-Normal
224,GT6-70DN-Normal
225,GT6-70DN-Normal
226,GT6-70DN-Normal
227,GT6-70DN-Normal
228,GT6-70DN-Normal
229,GT6-70DN-Normal

230,GT6-70DN-Modern
231,GT6-70DN-Modern
232,GT6-70DN-Modern
233,GT6-70DN-Modern
234,GT6-70DN-Modern
235,GT6-70DN-Modern

241,GT8-70DN-Normal
242,GT8-70DN-Normal
243,GT8-70DN-Normal
244,GT8-70DN-Normal
245,GT8-70DN-Normal
246,GT8-70DN-Normal
247,GT8-70DN-Normal
248,GT8-70DN-Normal

249,GT8-70DN-Modern
250,GT8-70DN-Modern
251,GT8-70DN-Modern
252,GT8-70DN-Modern
253,GT8-70DN-Modern
254,GT8-70DN-Modern
255,GT8-70DN-Modern

300,LC-A21-Normal
301,LC-A21-Normal
302,LC-A21-Normal
303,LC-A21-Normal
304,LC-A21-Normal
305,LC-A21-Normal
306,LC-A21-Normal
307,LC-A21-Normal
308,LC-A21-Normal
309,LC-A21-Normal

501,GT8-80C-Normal
502,GT8-80C-Normal
503,GT8-80C-Normal
504,GT8-80C-Normal
505,GT8-80C-Normal
506,GT8-80C-Normal
507,GT8-80C-Normal
508,GT8-80C-Normal

510,GT8-100C-Normal

512,GT8-100C-Normal
513,GT8-100C-Normal
514,GT8-100C-Normal
515,GT8-100C-Normal
516,GT8-100C-Normal
517,GT8-100C-Normal
518,GT8-100C-Normal
519,GT8-100C-Normal

520,GT8-100D-Normal
521,GT8-100D-Normal
522,GT8-100D-Normal
523,GT8-100D-Normal
524,GT8-100D-Normal
525,GT8-100D-Normal
526,GT8-100D-Normal
527,GT8-100D-Normal
528,GT8-100D-Normal
529,GT8-100D-Normal
530,GT8-100D-Normal
531,GT8-100D-Normal
532,GT8-100D-Normal
533,GT8-100D-Normal
534,GT8-100D-Normal
535,GT8-100D-Normal
536,GT8-100D-Normal
537,GT8-100D-Normal
538,GT8-100D-Normal
539,GT8-100D-Normal

540,GT8-100D-Mod-Normal
541,GT8-100D-Mod-Normal
542,GT8-100D-Mod-Normal
543,GT8-100D-Mod-Normal
544,GT8-100D-Mod-Normal
545,GT8-100D-Mod-Normal
546,GT8-100D-Mod-Normal
547,GT8-100D-Mod-Normal
548,GT8-100D-Mod-Normal
549,GT8-100D-Mod-Normal

550,GT8-100D-BoardBistro
551,GT8-100D-BoardBistro
552,GT8-100D-BoardBistro
553,GT8-100D-BoardBistro

560,B100S-Normal
561,B100S-Normal
562,B100S-Normal
563,B100S-Normal
564,B100S-Normal
565,B100S-Normal
566,B100S-Normal
567,B100S-Normal
568,B100S-Normal
569,B100S-Normal